264, 265, 266
272, 271
273, 274, 269
275, 276, 277, 278
275, 271
280, 274, 271, 279
281, 282, 283
284, 285, 271
288, 271, 286, 287
297, 268
305, 306
274, 271
269, 309, 310
291, 271, 318, 319
320, 321, 271
328, 286, 271
329, 330, 271
331, 332, 269
333, 269, 334
336, 337, 335
275, 379
284, 285
380, 269, 278
268, 269
274, 381, 271
328, 271
274, 399
400, 268, 269
269, 278
291, 287, 271
274, 284, 285
412, 413, 271
417, 418, 268, 269
274, 271
274, 315, 419
265, 420, 268, 271
269, 274, 421, 422
306, 427, 428
449, 269, 286
450, 269, 286
451, 269
452, 271
414, 415
476, 271
274, 477
481, 269
274, 271
286, 271
484, 414
578, 271
579, 271
593, 271
322, 323, 594
268, 271
607, 271
608, 264, 319
392, 306
337, 609, 610
306, 611, 612
480, 617, 618, 271
289, 619, 444
306, 620, 621, 271
289, 269, 622
275, 286, 271
264, 330, 266
623, 269, 271
624, 625, 626, 614
641, 271
642, 271
643, 339, 268, 269
269, 646, 645, 334
264, 319
680, 271
271, 703
717, 271
476, 271
440, 718, 719
260, 268, 254
732, 271
274, 286, 271
733, 734, 271
280, 289, 274
274, 315, 316
754, 275, 271
274, 271
297, 268, 254
755, 269, 487
269, 406, 271
272, 271
287, 783
786, 269, 271
618, 787, 788, 271
274, 284, 789, 271
287, 293, 292, 271
790, 271
418, 268, 430, 334
268, 271
487, 797, 271
269, 271
356, 268, 798, 271
284, 286, 799
306, 718
667, 271, 614, 615
806, 286
306, 724, 268, 254
467, 269
826, 271
274, 271
827, 268, 269
257, 258, 282, 306
832, 271
856, 257, 306, 330
857, 269, 271
858, 287
859, 396, 286
269, 860, 861
268, 271
624, 863, 862, 271
